{"cameraMode":{"drawMode":0,"name":"Shaded","section":"Shading Mode"},"sceneLighting":true,"audioPlay":false,"sceneViewState":{"m_AlwaysRefresh":false,"showFog":true,"showSkybox":true,"showFlares":true,"showImageEffects":true,"showParticleSystems":true,"showVisualEffectGraphs":true,"m_FxEnabled":true},"in2DMode":false,"pivot":{"x":-14.344250679016114,"y":-0.0772010087966919,"z":2.5314650535583498},"rotation":{"x":0.2997722625732422,"y":0.18932858109474183,"z":-0.060720764100551608,"w":0.9331668019294739},"size":1.3192596435546876,"orthographic":false}